variant,label,freeze_mode,lmbda,quality,avg_estimated_bpp,avg_coded_bpp,avg_psnr,avg_ms_ssim,avg_ms_ssim_db,avg_forward_ms,avg_encode_ms,avg_decode_ms,avg_codec_total_ms,avg_forward_mpix_per_s,avg_encode_mpix_per_s,avg_decode_mpix_per_s,avg_codec_total_mpix_per_s,total_params,run_name
A_ft,Fine-tuned Baseline,none,0.0018,1,0.1314195775711495,0.13182237413194445,27.563220988478445,0.9164936343828837,10.95616416385422,11.30975125003412,73.45032841658394,93.03136137653685,166.4816897931208,34.767873431240474,5.3534954638979935,4.22670370702725,2.361917400577995,5075843,variant_A_ft_lmbda_0.0018_quality_1_mse_freeze_none_20260528_011518
A_ft,Fine-tuned Baseline,frozen_hyperprior,0.0018,1,0.13192587652398893,0.13214111328125,27.552545863186463,0.9169966280460358,10.983258201693607,11.290659252457166,72.83671720809555,91.51318046012118,164.34989766821673,34.82666434330884,5.398595860334785,4.296823670895717,2.392553969177452,5075843,variant_A_ft_lmbda_0.0018_quality_1_mse_freeze_frozen_hyperprior_20260528_011518
A_ft,Fine-tuned Baseline,frozen_hyperprior,0.0035,2,0.21109608485777343,0.2113579644097222,29.198774233855087,0.9422083149353663,12.555684292434428,11.478326874566847,72.86221058044855,90.70547333431023,163.56768391475876,34.25725755129609,5.396706974266761,4.335085695994734,2.4039956462605385,5075843,variant_A_ft_lmbda_0.0035_quality_2_mse_freeze_frozen_hyperprior_20260528_011518
A_ft,Fine-tuned Baseline,none,0.0035,2,0.21084015239547524,0.21137491861979166,29.217508947927573,0.9420232723156611,12.542687997842107,11.336794749998566,71.4943484987695,90.88347999992645,162.37782849869595,34.68493596922973,5.499959203163698,4.326594888315436,2.421611396306842,5075843,variant_A_ft_lmbda_0.0035_quality_2_mse_freeze_none_20260528_011518
A_ft,Fine-tuned Baseline,frozen_hyperprior,0.0067,3,0.32720220668448347,0.3276333279079861,31.09167873970524,0.961612788339456,14.340232520332721,11.484298792008,77.27200154113234,97.42832733051425,174.70032887164658,34.23944353255957,5.088725439455438,4.035951460667702,2.2508028607599146,5075843,variant_A_ft_lmbda_0.0067_quality_3_mse_freeze_frozen_hyperprior_20260528_011518
A_ft,Fine-tuned Baseline,none,0.0067,3,0.32714685880475575,0.3279012044270833,31.093878605031165,0.9613532821337382,14.312007791245293,11.450206624431303,73.40785300038988,91.09095287446205,164.4988058748519,34.34138901572266,5.356593115424744,4.31674044009524,2.3903881727819503,5075843,variant_A_ft_lmbda_0.0067_quality_3_mse_freeze_none_20260528_011518
A_ft,Fine-tuned Baseline,none,0.013,4,0.48739695323941606,0.48849826388888884,33.00016099258722,0.9748119314511617,16.175308147971947,11.466769877491364,75.00631874790997,96.37447450343946,171.38079325134944,34.29178436482459,5.2424383247172335,4.080084503972747,2.294399462974267,5075843,variant_A_ft_lmbda_0.013_quality_4_mse_freeze_none_20260528_011518
A_ft,Fine-tuned Baseline,frozen_hyperprior,0.013,4,0.4886446193688445,0.4894748263888889,32.99575574631053,0.9749494269490242,16.19828570858652,11.362093249772443,71.30533420847011,90.83928004232196,162.14461425079207,34.60770751972795,5.514538349268283,4.328700093360504,2.4250944246091675,5075843,variant_A_ft_lmbda_0.013_quality_4_mse_freeze_frozen_hyperprior_20260528_011518
A,Pretrained Baseline,pretrained_reference,0.0018,1,0.13112824874567905,0.13129340277777776,27.581536717086056,0.9173671081662178,11.008666265551232,12.129935417760862,73.29157312657723,89.56246758255777,162.854040709135,32.41699040081007,5.36509155453522,4.390410521433406,2.414530203167033,5075843,variant_A_lmbda_0.0018_quality_1_mse_reference_20260528_194012
A,Pretrained Baseline,pretrained_reference,0.0035,2,0.2086930044978443,0.208892822265625,29.196694011805903,0.9420618663231531,12.54691892654609,12.093538916815305,74.32457233456564,94.83423316548094,169.15880550004658,32.514552002082524,5.290524891686859,4.146350815257376,2.3245375777963373,5075843,variant_A_lmbda_0.0035_quality_2_mse_reference_20260528_194012
A,Pretrained Baseline,pretrained_reference,0.0067,3,0.3194861316846477,0.3198581271701389,30.972168416891108,0.9610564261674881,14.27296720198368,11.92413487478916,75.60995266794635,95.66438774830506,171.27434041625142,32.976480401220954,5.200585189186314,4.110369691954327,2.295825510373354,5075843,variant_A_lmbda_0.0067_quality_3_mse_reference_20260528_194012
A,Pretrained Baseline,pretrained_reference,0.013,4,0.477700620630963,0.47835625542534715,32.838191087683875,0.9748740245898565,16.175700887341847,12.398676791538795,75.25689991598483,95.78035912515286,171.03725904113767,31.714351991846552,5.224982698449947,4.105392834100761,2.299007843112267,5075843,variant_A_lmbda_0.013_quality_4_mse_reference_20260528_194012
B,Encoder SE,attention_only,0.0018,1,0.13074953017187202,0.13092041015625,27.573311312773267,0.9170893008510271,10.994346991351426,11.725354833591458,75.45994741728161,94.93316325157745,170.39311066885907,33.53553095668309,5.210923323674976,4.142029892735784,2.3076989348716896,5078027,variant_B_lmbda_0.0018_quality_1_mse_freeze_attention_only_20260528_011518
B,Encoder SE,none,0.0018,1,0.1312372102919552,0.131622314453125,27.557746520346257,0.9164740815758705,10.95527258654297,11.528014708649911,77.12881325096532,92.69849499954337,169.8273082505087,34.10960255844876,5.098172569057111,4.241881165405512,2.3153873428881964,5078027,variant_B_lmbda_0.0018_quality_1_mse_freeze_none_20260528_011518
B,Encoder SE,frozen_hyperprior,0.0018,1,0.1318290656070328,0.13203260633680558,27.56178314933905,0.9170079305768013,10.985003809410818,11.580357623339902,72.29537325110869,91.35939833140583,163.6547715825145,33.955428043731885,5.439020262530699,4.304056366194649,2.4027163778829452,5078027,variant_B_lmbda_0.0018_quality_1_mse_freeze_frozen_hyperprior_20260528_011518
B,Encoder SE,attention_only,0.0035,2,0.20860635763448143,0.20881483289930558,29.19277408860853,0.9419492880503336,12.539175783131471,11.548920042211344,74.260026665191,92.5436271639531,166.8036538291441,34.0478588961387,5.295123334292013,4.248979773651691,2.3573584329439723,5078027,variant_B_lmbda_0.0035_quality_2_mse_freeze_attention_only_20260528_011518
B,Encoder SE,none,0.0035,2,0.21083855125794396,0.21132405598958334,29.20964481777196,0.9419785415132841,12.540026287957597,11.517329832107256,73.86504691385198,93.70401937364174,167.5690662874937,34.14124677612499,5.323438032315929,4.196362147839827,2.346590625058267,5078027,variant_B_lmbda_0.0035_quality_2_mse_freeze_none_20260528_011518
B,Encoder SE,frozen_hyperprior,0.0035,2,0.2112478028413736,0.21152750651041666,29.190151098669986,0.9422746698061625,12.560172521893675,11.569559667501986,74.00840458224896,93.39888291833631,167.40728750058528,33.98711889653967,5.313126289096003,4.2100717665307625,2.348858319555684,5078027,variant_B_lmbda_0.0035_quality_2_mse_freeze_frozen_hyperprior_20260528_011518
B,Encoder SE,attention_only,0.0067,3,0.31988865483759177,0.3202616373697917,30.975931009618638,0.9610186566909155,14.269139736688535,11.575337127093613,74.9059801249435,93.05345658079507,167.95943670573857,33.97015531233434,5.249460715207438,4.225700091630495,2.3411366917650853,5078027,variant_B_lmbda_0.0067_quality_3_mse_freeze_attention_only_20260528_011518
B,Encoder SE,frozen_hyperprior,0.0067,3,0.3263074068559541,0.3267923990885417,31.07482341259048,0.9615555157264074,14.334609724285682,11.574108249381728,72.48559154140821,91.15441341661305,163.64000495802125,33.973762084090154,5.424747065427078,4.313735180356454,2.402933195344697,5078027,variant_B_lmbda_0.0067_quality_3_mse_freeze_frozen_hyperprior_20260528_011518
B,Encoder SE,none,0.0067,3,0.3267965532011456,0.32755194769965273,31.086954604832425,0.9614090497295061,14.319124736062465,11.513294707280389,73.8758033336732,94.668920208278,168.54472354195119,34.153212438082676,5.322662932326705,4.153591264534319,2.333006882307577,5078027,variant_B_lmbda_0.0067_quality_3_mse_freeze_none_20260528_011518
B,Encoder SE,attention_only,0.013,4,0.4771213258823586,0.4777865939670139,32.829857091122975,0.9748186791936556,16.16616740398484,11.525576292115147,71.86894858568849,91.14769679278349,163.01664537847196,34.11681898014992,5.471291952061512,4.314053057138054,2.4121217749701542,5078027,variant_B_lmbda_0.013_quality_4_mse_freeze_attention_only_20260528_011518
B,Encoder SE,none,0.013,4,0.48700594436377287,0.48809475368923616,32.99545702700147,0.974871963262558,16.18640360479562,11.662441584727882,74.92011850020693,94.30773583335395,169.22785433356088,33.71643897577343,5.248470075483316,4.169498891319272,2.3235891133202076,5078027,variant_B_lmbda_0.013_quality_4_mse_freeze_none_20260528_011518
B,Encoder SE,frozen_hyperprior,0.013,4,0.4880546576136517,0.4888780381944445,32.985786380351044,0.974903886516889,16.192937150758734,11.546999750862597,74.4226763339005,92.62416429191944,167.04684062581995,34.05352112964457,5.283550919827443,4.245285266604066,2.353926590451312,5078027,variant_B_lmbda_0.013_quality_4_mse_freeze_frozen_hyperprior_20260528_011518
C,Encoder+Decoder SE,attention_only,0.0018,1,0.13098124390105823,0.13113742404513887,27.58159714262582,0.9170976604024569,10.995121927994132,11.667362248772406,73.23477341560647,91.41304937596335,164.64782279156984,33.702219200520034,5.369252633151521,4.301530281336336,2.388224717054279,5080211,variant_C_lmbda_0.0018_quality_1_mse_freeze_attention_only_20260528_011518
C,Encoder+Decoder SE,none,0.0018,1,0.13129580406368604,0.13166978624131945,27.556754687199156,0.9164751643935839,10.955262153743035,11.679169747973598,72.87129304192301,91.77500320887096,164.64629625079397,33.668146664982345,5.396034344742339,4.284565363676194,2.3882468598081434,5080211,variant_C_lmbda_0.0018_quality_1_mse_freeze_none_20260528_011518
C,Encoder+Decoder SE,frozen_hyperprior,0.0018,1,0.13175742782186717,0.13200208875868055,27.542444181222304,0.9168348237872124,10.974294154234428,11.79626466849489,71.91110933248031,90.55823495752217,162.46934429000248,33.33394180703571,5.468084189634312,4.342134099504528,2.4202473501593156,5080211,variant_C_lmbda_0.0018_quality_1_mse_freeze_frozen_hyperprior_20260528_011518
C,Encoder+Decoder SE,attention_only,0.0035,2,0.20890030233810344,0.20911661783854166,29.203361684226177,0.9420579175154368,12.547513266162307,11.69126666657879,77.25504433255992,95.83554791546096,173.0905922480209,33.63331033446239,5.0898423966637365,4.103028662671873,2.2717352508480775,5080211,variant_C_lmbda_0.0035_quality_2_mse_freeze_attention_only_20260528_011518
C,Encoder+Decoder SE,frozen_hyperprior,0.0035,2,0.21095822148749396,0.21120876736111108,29.196442621217386,0.9422483742237091,12.55834329179131,11.77455237363271,74.09813466741373,92.6754257925495,166.77356045996325,33.3954096531556,5.306692290769977,4.242937074604862,2.3577838052716875,5080211,variant_C_lmbda_0.0035_quality_2_mse_freeze_frozen_hyperprior_20260528_011518
C,Encoder+Decoder SE,none,0.0035,2,0.2113810200373539,0.21184285481770834,29.208825464449983,0.941943901280562,12.536088054196526,11.708720290698693,72.02549870877799,92.53192070718796,164.55741941596594,33.583174782334446,5.459399893777861,4.24951732326307,2.3895367428315955,5080211,variant_C_lmbda_0.0035_quality_2_mse_freeze_none_20260528_011518
C,Encoder+Decoder SE,attention_only,0.0067,3,0.32180270596614313,0.3221876356336805,30.995398584817494,0.9612810413042704,14.299902619307323,11.678773083379687,75.46000154131131,93.77286445790863,169.23286599921994,33.66929018936023,5.2109195861164945,4.193281310890327,2.323520302503253,5080211,variant_C_lmbda_0.0067_quality_3_mse_freeze_attention_only_20260528_011518
C,Encoder+Decoder SE,none,0.0067,3,0.3266364232792209,0.3273281521267361,31.085589071422138,0.9614107857147852,14.319249402888898,11.666900041745976,73.60643629241774,89.44092241593656,163.0473587083543,33.70355437974202,5.3421415273776205,4.396376841591438,2.411667402127945,5080211,variant_C_lmbda_0.0067_quality_3_mse_freeze_none_20260528_011518
C,Encoder+Decoder SE,frozen_hyperprior,0.0067,3,0.32699502414713305,0.32745361328125006,31.079906568725836,0.9616226851940155,14.342487748257904,11.640154167859388,71.06782700187371,94.00530783144252,165.07313483331623,33.78099588111487,5.532967822269743,4.1829127425981225,2.382071440013862,5080211,variant_C_lmbda_0.0067_quality_3_mse_freeze_frozen_hyperprior_20260528_011518
C,Encoder+Decoder SE,attention_only,0.013,4,0.477573554445472,0.4782307942708333,32.83013273838216,0.974700262149175,16.147311810402233,11.720042292533131,71.97359825174014,89.95979391693254,161.93339216867267,33.55073217188976,5.463336689443522,4.371019350745617,2.4282576603497525,5080211,variant_C_lmbda_0.013_quality_4_mse_freeze_attention_only_20260528_011518
C,Encoder+Decoder SE,frozen_hyperprior,0.013,4,0.48714811510095996,0.4880099826388889,32.98170114600437,0.9749243905146917,16.195129240411035,11.790344959687596,74.49878112553658,95.44767120739077,169.94645233292735,33.35067814762384,5.278153468543313,4.119702398454665,2.313764098056514,5080211,variant_C_lmbda_0.013_quality_4_mse_freeze_frozen_hyperprior_20260528_011518
C,Encoder+Decoder SE,none,0.013,4,0.48736367281526327,0.4883931477864583,32.99643109335391,0.9748653719822565,16.186158382014792,11.571916832205412,73.69012645661617,91.03990437567215,164.73003083228832,33.98019582249795,5.33607443639684,4.319160951415453,2.3870328804851213,5080211,variant_C_lmbda_0.013_quality_4_mse_freeze_none_20260528_011518
bmshj2018_factorized,BMSHJ 2018 Factorized,pretrained_reference,0.0018,1,0.12238660371965833,0.1226230197482639,26.90878693768291,0.9099890813231468,10.658666979090235,10.405375539752034,70.34664112688915,89.28409858284188,159.63073970973105,37.78969807459448,5.589691187824147,4.404098896010651,2.463284958241847,2998147,variant_bmshj2018_factorized_lmbda_0.0018_quality_1_mse_reference_20260528_194012
bmshj2018_factorized,BMSHJ 2018 Factorized,pretrained_reference,0.0035,2,0.18821057097779378,0.18852742513020834,28.217926966310426,0.9360476210713387,12.134097744367315,10.484523000438154,65.59084883519972,85.36387479277134,150.95472362797105,37.5044243771097,5.994982638324666,4.6063513512544745,2.6048605207551074,2998147,variant_bmshj2018_factorized_lmbda_0.0035_quality_2_mse_reference_20260528_194012
bmshj2018_factorized,BMSHJ 2018 Factorized,pretrained_reference,0.0067,3,0.28732279936472577,0.2878078884548611,29.616911853973974,0.9554707979162534,13.697284727967189,10.440974499336638,64.81699845850623,87.66077708241937,152.4777755409256,37.66085244485395,6.066556757510521,4.485654965507495,2.5788413990500496,2998147,variant_bmshj2018_factorized_lmbda_0.0067_quality_3_mse_reference_20260528_194012
bmshj2018_factorized,BMSHJ 2018 Factorized,pretrained_reference,0.013,4,0.43970504982603925,0.4403788248697917,31.27708471591863,0.9703577334682146,15.449541893994791,10.4025425001358,68.05639712426152,88.69102066698058,156.7474177912421,37.79998976162479,5.777796307407256,4.433549157997155,2.508596349087481,2998147,variant_bmshj2018_factorized_lmbda_0.013_quality_4_mse_reference_20260528_194012
mbt2018_mean,MBT 2018 Mean,pretrained_reference,0.0018,1,0.12416048692021935,0.12392171223958333,27.69947298233046,0.9178414319952329,11.046547842705076,11.373788667697227,72.38149891539554,90.38205066705511,162.76354958245065,34.57212117161763,5.4325484535712345,4.350598344449049,2.4158726017511047,7028003,variant_mbt2018_mean_lmbda_0.0018_quality_1_mse_reference_20260528_194012
mbt2018_mean,MBT 2018 Mean,pretrained_reference,0.0035,2,0.19815726940416625,0.19798109266493058,29.358805733120708,0.9430568640430769,12.625524570822117,11.37684412606177,76.47555191700424,95.9198520413338,172.39540395833805,34.56283619982376,5.141721637089211,4.099422503597642,2.2808960736275,7028003,variant_mbt2018_mean_lmbda_0.0035_quality_2_mse_reference_20260528_194012
mbt2018_mean,MBT 2018 Mean,pretrained_reference,0.0067,3,0.307356890808377,0.30724419487847227,31.128920679899732,0.9614850630362829,14.331305671661596,11.299904292172869,78.05934112487496,95.74993483268675,173.8092759575617,34.79817083693088,5.037398398879066,4.106697311983605,2.2623418562310214,7028003,variant_mbt2018_mean_lmbda_0.0067_quality_3_mse_reference_20260528_194012
mbt2018_mean,MBT 2018 Mean,pretrained_reference,0.013,4,0.4601636261989673,0.4606119791666667,32.95067460555188,0.975204644103845,16.237442350296728,11.388028376435008,74.86148387761205,96.7826714580345,171.64415533564656,34.52889183290701,5.25258089517505,4.062876071472161,2.2908790528350607,7028003,variant_mbt2018_mean_lmbda_0.013_quality_4_mse_reference_20260528_194012
mbt2018,MBT 2018,pretrained_reference,0.0018,1,0.1102231866098009,0.11053805881076388,28.088679137411333,0.9207221319278082,11.205869270104627,15.829119875585699,626.3756588329367,2012.7982754165714,2639.173934249508,24.841305334131885,0.6277638577665042,0.19535787803604884,0.14899207471591575,14130467,variant_mbt2018_lmbda_0.0018_quality_1_mse_reference_20260528_194012
mbt2018,MBT 2018,pretrained_reference,0.0035,2,0.1950448111294665,0.18696763780381945,29.645278929166892,0.9432227139671644,12.652766708442725,16.11207354229312,634.6253480011607,2040.9609659588266,2675.5863139599874,24.405052457576872,0.6196033632102588,0.19266218539131655,0.14696442344183722,14130467,variant_mbt2018_lmbda_0.0035_quality_2_mse_reference_20260528_194012
mbt2018,MBT 2018,pretrained_reference,0.0067,3,0.28818896781497944,0.2877027723524305,31.362354815435165,0.9627580021818479,14.478737166402746,16.03784087395373,627.3722510013613,2021.906400625691,2649.278651627052,24.51801355870807,0.6267666435236499,0.19447784520505842,0.14842379821333884,14130467,variant_mbt2018_lmbda_0.0067_quality_3_mse_reference_20260528_194012
mbt2018,MBT 2018,pretrained_reference,0.013,4,0.4301251671018285,0.43233913845486116,33.085633658314315,0.9752301424741745,16.242537563781028,15.962877707958492,655.2810208740993,2072.3984619168427,2727.679482790942,24.63315244242943,0.6000723162643673,0.18973957336191954,0.14415769978870985,14130467,variant_mbt2018_lmbda_0.013_quality_4_mse_reference_20260528_194012
cheng2020_anchor,Cheng 2020 Anchor,pretrained_reference,0.0018,1,0.117443624282411,0.119598388671875,28.582315720732193,0.9235850299398104,11.380791791918915,21.88870854236787,706.7842041239297,2097.8111773329147,2804.5953814568443,17.964330752492298,0.556345200848677,0.18744108347249888,0.14020418153714007,11833149,variant_cheng2020_anchor_lmbda_0.0018_quality_1_mse_reference_20260528_194012
cheng2020_anchor,Cheng 2020 Anchor,pretrained_reference,0.0035,2,0.18134662767341878,0.18380398220486113,29.96846309769227,0.9465037807822227,12.919481842472559,21.826636582773062,691.5383777480505,2081.5591318720785,2773.097509620129,18.015418844255212,0.5686105249581118,0.18890455427339017,0.1417966727227938,11833149,variant_cheng2020_anchor_lmbda_0.0035_quality_2_mse_reference_20260528_194012
cheng2020_anchor,Cheng 2020 Anchor,pretrained_reference,0.0067,3,0.26863319280285697,0.2709554036458333,31.342696213687418,0.962861900528272,14.49730014279507,21.66685254208763,672.5067796251096,2020.5338250386073,2693.0406046637167,18.14827507761832,0.5847019121787874,0.19460995660020025,0.1460119091108548,11833149,variant_cheng2020_anchor_lmbda_0.0067_quality_3_mse_reference_20260528_194012
cheng2020_anchor,Cheng 2020 Anchor,pretrained_reference,0.013,4,0.41525998472287834,0.4173719618055555,33.38952536526792,0.9757668673992157,16.349171507133914,39.5265222487069,778.9727665422106,2172.4052255419033,2951.377992084114,9.948155760474576,0.5047878653646009,0.18100490432300118,0.13323132484373199,26598956,variant_cheng2020_anchor_lmbda_0.013_quality_4_mse_reference_20260528_194012
