variant,label,freeze_mode,quality,lmbda,total_params,params_millions,avg_coded_bpp,avg_psnr,avg_forward_ms,avg_encode_ms,avg_decode_ms,avg_codec_total_ms,avg_forward_mpix_per_s,avg_encode_mpix_per_s,avg_decode_mpix_per_s,avg_codec_total_mpix_per_s
A_ft,Fine-tuned Baseline,none,1,0.0018,5075843,5.075843,0.13182237413194445,27.563220988478445,11.30975125003412,73.45032841658394,93.03136137653685,166.4816897931208,34.767873431240474,5.3534954638979935,4.22670370702725,2.361917400577995
A_ft,Fine-tuned Baseline,none,2,0.0035,5075843,5.075843,0.21137491861979166,29.217508947927573,11.336794749998566,71.4943484987695,90.88347999992645,162.37782849869595,34.68493596922973,5.499959203163698,4.326594888315436,2.421611396306842
A_ft,Fine-tuned Baseline,none,3,0.0067,5075843,5.075843,0.3279012044270833,31.093878605031165,11.450206624431303,73.40785300038988,91.09095287446205,164.4988058748519,34.34138901572266,5.356593115424744,4.31674044009524,2.3903881727819503
A_ft,Fine-tuned Baseline,none,4,0.013,5075843,5.075843,0.48849826388888884,33.00016099258722,11.466769877491364,75.00631874790997,96.37447450343946,171.38079325134944,34.29178436482459,5.2424383247172335,4.080084503972747,2.294399462974267
A,Pretrained Baseline,pretrained_reference,1,0.0018,5075843,5.075843,0.13129340277777776,27.581536717086056,12.129935417760862,73.29157312657723,89.56246758255777,162.854040709135,32.41699040081007,5.36509155453522,4.390410521433406,2.414530203167033
A,Pretrained Baseline,pretrained_reference,2,0.0035,5075843,5.075843,0.208892822265625,29.196694011805903,12.093538916815305,74.32457233456564,94.83423316548094,169.15880550004658,32.514552002082524,5.290524891686859,4.146350815257376,2.3245375777963373
A,Pretrained Baseline,pretrained_reference,3,0.0067,5075843,5.075843,0.3198581271701389,30.972168416891108,11.92413487478916,75.60995266794635,95.66438774830506,171.27434041625142,32.976480401220954,5.200585189186314,4.110369691954327,2.295825510373354
A,Pretrained Baseline,pretrained_reference,4,0.013,5075843,5.075843,0.47835625542534715,32.838191087683875,12.398676791538795,75.25689991598483,95.78035912515286,171.03725904113767,31.714351991846552,5.224982698449947,4.105392834100761,2.299007843112267
B,Encoder SE,none,1,0.0018,5078027,5.078027,0.131622314453125,27.557746520346257,11.528014708649911,77.12881325096532,92.69849499954337,169.8273082505087,34.10960255844876,5.098172569057111,4.241881165405512,2.3153873428881964
B,Encoder SE,none,2,0.0035,5078027,5.078027,0.21132405598958334,29.20964481777196,11.517329832107256,73.86504691385198,93.70401937364174,167.5690662874937,34.14124677612499,5.323438032315929,4.196362147839827,2.346590625058267
B,Encoder SE,none,3,0.0067,5078027,5.078027,0.32755194769965273,31.086954604832425,11.513294707280389,73.8758033336732,94.668920208278,168.54472354195119,34.153212438082676,5.322662932326705,4.153591264534319,2.333006882307577
B,Encoder SE,none,4,0.013,5078027,5.078027,0.48809475368923616,32.99545702700147,11.662441584727882,74.92011850020693,94.30773583335395,169.22785433356088,33.71643897577343,5.248470075483316,4.169498891319272,2.3235891133202076
C,Encoder+Decoder SE,none,1,0.0018,5080211,5.080211,0.13166978624131945,27.556754687199156,11.679169747973598,72.87129304192301,91.77500320887096,164.64629625079397,33.668146664982345,5.396034344742339,4.284565363676194,2.3882468598081434
C,Encoder+Decoder SE,none,2,0.0035,5080211,5.080211,0.21184285481770834,29.208825464449983,11.708720290698693,72.02549870877799,92.53192070718796,164.55741941596594,33.583174782334446,5.459399893777861,4.24951732326307,2.3895367428315955
C,Encoder+Decoder SE,none,3,0.0067,5080211,5.080211,0.3273281521267361,31.085589071422138,11.666900041745976,73.60643629241774,89.44092241593656,163.0473587083543,33.70355437974202,5.3421415273776205,4.396376841591438,2.411667402127945
C,Encoder+Decoder SE,none,4,0.013,5080211,5.080211,0.4883931477864583,32.99643109335391,11.571916832205412,73.69012645661617,91.03990437567215,164.73003083228832,33.98019582249795,5.33607443639684,4.319160951415453,2.3870328804851213
bmshj2018_factorized,BMSHJ 2018 Factorized,pretrained_reference,1,0.0018,2998147,2.998147,0.1226230197482639,26.90878693768291,10.405375539752034,70.34664112688915,89.28409858284188,159.63073970973105,37.78969807459448,5.589691187824147,4.404098896010651,2.463284958241847
bmshj2018_factorized,BMSHJ 2018 Factorized,pretrained_reference,2,0.0035,2998147,2.998147,0.18852742513020834,28.217926966310426,10.484523000438154,65.59084883519972,85.36387479277134,150.95472362797105,37.5044243771097,5.994982638324666,4.6063513512544745,2.6048605207551074
bmshj2018_factorized,BMSHJ 2018 Factorized,pretrained_reference,3,0.0067,2998147,2.998147,0.2878078884548611,29.616911853973974,10.440974499336638,64.81699845850623,87.66077708241937,152.4777755409256,37.66085244485395,6.066556757510521,4.485654965507495,2.5788413990500496
bmshj2018_factorized,BMSHJ 2018 Factorized,pretrained_reference,4,0.013,2998147,2.998147,0.4403788248697917,31.27708471591863,10.4025425001358,68.05639712426152,88.69102066698058,156.7474177912421,37.79998976162479,5.777796307407256,4.433549157997155,2.508596349087481
mbt2018_mean,MBT 2018 Mean,pretrained_reference,1,0.0018,7028003,7.028003,0.12392171223958333,27.69947298233046,11.373788667697227,72.38149891539554,90.38205066705511,162.76354958245065,34.57212117161763,5.4325484535712345,4.350598344449049,2.4158726017511047
mbt2018_mean,MBT 2018 Mean,pretrained_reference,2,0.0035,7028003,7.028003,0.19798109266493058,29.358805733120708,11.37684412606177,76.47555191700424,95.9198520413338,172.39540395833805,34.56283619982376,5.141721637089211,4.099422503597642,2.2808960736275
mbt2018_mean,MBT 2018 Mean,pretrained_reference,3,0.0067,7028003,7.028003,0.30724419487847227,31.128920679899732,11.299904292172869,78.05934112487496,95.74993483268675,173.8092759575617,34.79817083693088,5.037398398879066,4.106697311983605,2.2623418562310214
mbt2018_mean,MBT 2018 Mean,pretrained_reference,4,0.013,7028003,7.028003,0.4606119791666667,32.95067460555188,11.388028376435008,74.86148387761205,96.7826714580345,171.64415533564656,34.52889183290701,5.25258089517505,4.062876071472161,2.2908790528350607
mbt2018,MBT 2018,pretrained_reference,1,0.0018,14130467,14.130467,0.11053805881076388,28.088679137411333,15.829119875585699,626.3756588329367,2012.7982754165714,2639.173934249508,24.841305334131885,0.6277638577665042,0.19535787803604884,0.14899207471591575
mbt2018,MBT 2018,pretrained_reference,2,0.0035,14130467,14.130467,0.18696763780381945,29.645278929166892,16.11207354229312,634.6253480011607,2040.9609659588266,2675.5863139599874,24.405052457576872,0.6196033632102588,0.19266218539131655,0.14696442344183722
mbt2018,MBT 2018,pretrained_reference,3,0.0067,14130467,14.130467,0.2877027723524305,31.362354815435165,16.03784087395373,627.3722510013613,2021.906400625691,2649.278651627052,24.51801355870807,0.6267666435236499,0.19447784520505842,0.14842379821333884
mbt2018,MBT 2018,pretrained_reference,4,0.013,14130467,14.130467,0.43233913845486116,33.085633658314315,15.962877707958492,655.2810208740993,2072.3984619168427,2727.679482790942,24.63315244242943,0.6000723162643673,0.18973957336191954,0.14415769978870985
cheng2020_anchor,Cheng 2020 Anchor,pretrained_reference,1,0.0018,11833149,11.833149,0.119598388671875,28.582315720732193,21.88870854236787,706.7842041239297,2097.8111773329147,2804.5953814568443,17.964330752492298,0.556345200848677,0.18744108347249888,0.14020418153714007
cheng2020_anchor,Cheng 2020 Anchor,pretrained_reference,2,0.0035,11833149,11.833149,0.18380398220486113,29.96846309769227,21.826636582773062,691.5383777480505,2081.5591318720785,2773.097509620129,18.015418844255212,0.5686105249581118,0.18890455427339017,0.1417966727227938
cheng2020_anchor,Cheng 2020 Anchor,pretrained_reference,3,0.0067,11833149,11.833149,0.2709554036458333,31.342696213687418,21.66685254208763,672.5067796251096,2020.5338250386073,2693.0406046637167,18.14827507761832,0.5847019121787874,0.19460995660020025,0.1460119091108548
cheng2020_anchor,Cheng 2020 Anchor,pretrained_reference,4,0.013,26598956,26.598956,0.4173719618055555,33.38952536526792,39.5265222487069,778.9727665422106,2172.4052255419033,2951.377992084114,9.948155760474576,0.5047878653646009,0.18100490432300118,0.13323132484373199
